adm_cd2,adm_nm,signgu_cd,signgu_nm,area_km2,pop_total,pop_male,pop_female,pop_under20,pop_20s,pop_30s,pop_40s,pop_50s,pop_60plus,sex_ratio,ratio_2030,ratio_4050,ratio_60plus,total_stores,avg_dist_to_subway_m,ratio_stores_in_subway_zone,avg_dist_to_parking_m,avg_parking_capacity_300m,category_entropy,category_hhi,top_industry_lcls,top_industry_mcls,stores_과학·기술,stores_교육,stores_보건의료,stores_부동산,stores_소매,stores_수리·개인,stores_숙박,stores_시설관리·임대,stores_예술·스포츠,stores_음식,dong_station_count,dong_daily_ridership,dong_station_names,dong_parking_lot_count,dong_total_parking_capacity,pop_density,store_density_km2,stores_per_1000_pop,parking_capacity_per_store,parking_capacity_per_1000_pop
2711054500,대구광역시 중구 삼덕동,27110,중구,0.644,7460,3649,3811,923,1841,1456,1063,888,1289,95.75,0.442,0.2615,0.1728,1526,480.0,0.5839,48.8,1719.3,1.8185,0.2249,음식,한식,162,50,66,46,293,171,21,39,73,605,0,0.0,없음,70,3487,11583.9,2369.6,204.56,2.29,467.43
2711056500,대구광역시 중구 성내1동,27110,중구,0.759,5527,2644,2883,368,1684,1086,573,616,1200,91.71,0.5012,0.2151,0.2171,3406,324.3,0.8908,53.6,2242.4,1.7374,0.2404,소매,섬유·의복·신발 소매,242,156,115,53,1224,329,48,120,90,1029,1,30098.1,중앙로,64,4750,7281.9,4487.5,616.25,1.39,859.42
2711057500,대구광역시 중구 성내2동,27110,중구,0.9226,9263,4422,4841,1220,1857,1817,1290,1209,1870,91.34,0.3966,0.2698,0.2019,2628,283.2,0.933,47.6,2751.4,1.6254,0.2741,소매,섬유·의복·신발 소매,232,81,38,40,1082,160,67,108,35,785,0,0.0,없음,67,6799,10040.1,2848.5,283.71,2.59,734.0
2711058500,대구광역시 중구 성내3동,27110,중구,0.7455,13643,6781,6862,3212,1077,3445,2516,1352,2041,98.82,0.3315,0.2835,0.1496,444,332.9,0.9302,105.0,257.9,1.9273,0.1811,소매,한식,37,28,7,35,126,64,10,22,7,108,1,5778.9,달성공원,12,259,18300.5,595.6,32.54,0.58,18.98
2711059500,대구광역시 중구 대신동,27110,중구,0.4899,7249,3494,3755,1126,582,1126,1091,1111,2213,93.05,0.2356,0.3038,0.3053,2688,169.9,0.9699,35.9,1548.5,0.6257,0.7314,소매,섬유·의복·신발 소매,16,18,10,18,2285,83,7,7,8,236,1,13433.4,서문시장,11,1301,14796.9,5486.8,370.81,0.48,179.47
2711064000,대구광역시 중구 남산1동,27110,중구,0.4193,5062,2374,2688,657,808,793,709,749,1346,88.32,0.3163,0.288,0.2659,680,253.0,1.0,70.8,713.6,2.0125,0.1547,음식,이용·미용,118,60,9,21,142,99,29,45,14,143,2,12121.7,"명덕1, 명덕3",25,1968,12072.5,1621.8,134.33,2.89,388.78
2711065000,대구광역시 중구 남산2동,27110,중구,0.3916,7394,3462,3932,1327,783,1429,1155,1018,1682,88.05,0.2992,0.2939,0.2275,593,289.0,1.0,88.2,1474.2,1.9141,0.1882,과학·기술,인쇄·제품제작,195,41,25,35,92,51,9,26,6,113,4,82629.0,"반월당1, 반월당2, 청라언덕2, 청라언덕3",11,863,18881.5,1514.3,80.2,1.46,116.72
2711066000,대구광역시 중구 남산3동,27110,중구,0.4076,5779,2648,3131,763,451,652,852,949,2112,84.57,0.1909,0.3116,0.3655,313,254.0,0.9968,83.9,293.4,1.8445,0.1819,음식,인쇄·제품제작,70,21,0,14,57,61,3,9,6,72,1,5728.2,남산,10,404,14178.1,767.9,54.16,1.29,69.91
2711067000,대구광역시 중구 남산4동,27110,중구,0.449,15842,7379,8463,2660,1381,2418,2364,2490,4529,87.19,0.2398,0.3064,0.2859,403,351.8,0.8164,69.4,308.4,1.9455,0.1721,음식,이용·미용,31,37,7,34,81,68,2,13,17,113,0,0.0,없음,16,481,35282.9,897.6,25.44,1.19,30.36
2711068000,대구광역시 중구 대봉1동,27110,중구,0.5627,7666,3530,4136,1293,831,986,1117,1274,2165,85.35,0.237,0.3119,0.2824,1117,194.3,1.0,58.5,833.7,1.8237,0.1985,소매,섬유·의복·신발 소매,152,37,15,23,325,147,9,94,22,293,2,19088.4,"경대병원, 대봉교",23,1613,13623.6,1985.1,145.71,1.44,210.41
2711069000,대구광역시 중구 대봉2동,27110,중구,0.2744,5933,2815,3118,994,606,1067,849,1045,1372,90.28,0.282,0.3192,0.2312,300,300.2,1.0,103.3,220.2,1.8838,0.182,음식,한식,64,18,1,17,54,41,4,8,10,83,1,3410.6,건들바위,8,179,21621.7,1093.3,50.56,0.6,30.17
2711051700,대구광역시 중구 동인동,27110,중구,0.9707,10997,5449,5548,1271,1648,2340,1430,1604,2704,98.22,0.3626,0.2759,0.2459,1055,664.1,0.1223,76.0,902.8,1.8018,0.2033,음식,한식,200,29,5,21,197,117,18,104,16,348,0,0.0,없음,30,2997,11328.9,1086.8,95.94,2.84,272.53
2714051000,대구광역시 동구 신암1동,27140,동구,0.606,10781,5347,5434,1471,1059,1550,1436,1628,3637,98.4,0.242,0.2842,0.3374,526,1051.5,0.0,112.3,436.8,1.7965,0.2171,음식,한식,42,22,7,27,131,73,3,21,16,184,0,0.0,없음,10,394,17790.4,868.0,48.79,0.75,36.55
2714052000,대구광역시 동구 신암2동,27140,동구,0.3625,11446,5385,6061,1896,835,1697,1730,1809,3479,88.85,0.2212,0.3092,0.3039,340,610.1,0.3059,85.6,392.6,1.7582,0.2196,음식,한식,12,31,6,12,72,63,0,7,16,121,0,0.0,없음,13,357,31575.2,937.9,29.7,1.05,31.19
2714053000,대구광역시 동구 신암3동,27140,동구,0.6012,11150,5482,5668,1883,948,2229,1584,1542,2964,96.72,0.2849,0.2804,0.2658,396,734.3,0.0581,80.2,452.5,1.8895,0.1873,음식,한식,20,25,4,37,88,73,5,12,16,116,0,0.0,없음,13,616,18546.2,658.7,35.52,1.56,55.25
2714054000,대구광역시 동구 신암4동,27140,동구,1.1656,18383,9059,9324,2078,2229,3603,2165,2905,5403,97.16,0.3172,0.2758,0.2939,521,378.4,0.7179,108.3,569.0,1.8721,0.212,음식,한식,35,11,7,36,93,60,36,24,18,201,2,43556.8,"동구청, 동대구역",29,2706,15771.3,447.0,28.34,5.19,147.2
2714054100,대구광역시 동구 신암5동,27140,동구,0.5467,7315,3463,3852,786,627,992,891,1136,2883,89.9,0.2213,0.2771,0.3941,314,366.8,0.9108,114.5,165.0,1.672,0.243,음식,한식,21,12,3,7,97,44,1,17,4,108,0,0.0,없음,9,300,13380.3,574.4,42.93,0.96,41.01
2714055500,대구광역시 동구 신천1·2동,27140,동구,0.4677,10994,5084,5910,891,1006,1195,1229,1830,4843,86.02,0.2002,0.2782,0.4405,384,304.5,0.8438,105.0,149.9,1.8643,0.1907,음식,한식,42,25,7,13,94,63,1,14,14,111,1,9575.6,신천,10,301,23506.5,821.0,34.93,0.78,27.38
2714057000,대구광역시 동구 신천3동,27140,동구,0.7179,14835,7313,7522,2362,1552,2494,2229,2476,3722,97.22,0.2727,0.3172,0.2509,770,542.0,0.4195,62.7,1228.0,1.9695,0.1667,음식,한식,186,55,12,48,107,96,6,44,28,188,0,0.0,없음,48,1998,20664.4,1072.6,51.9,2.59,134.68
2714058000,대구광역시 동구 신천4동,27140,동구,0.7957,12937,6320,6617,1635,1760,2727,1807,1893,3115,95.51,0.3468,0.286,0.2408,1759,655.2,0.3627,59.6,2660.8,1.7119,0.238,음식,섬유·의복·신발 소매,241,38,9,37,552,119,77,53,45,588,0,0.0,없음,85,6933,16258.6,2210.6,135.97,3.94,535.9
2714059000,대구광역시 동구 효목1동,27140,동구,1.4646,11472,5678,5794,747,1058,1030,1169,1923,5545,98.0,0.182,0.2695,0.4834,779,849.0,0.1592,155.5,179.1,1.7622,0.2296,음식,한식,74,14,3,24,178,99,25,39,25,298,0,0.0,없음,32,901,7832.9,531.9,67.9,1.16,78.54
2714060000,대구광역시 동구 효목2동,27140,동구,0.761,14147,6684,7463,1605,1427,1886,1806,2265,5158,89.56,0.2342,0.2878,0.3646,647,915.3,0.085,72.6,459.9,1.8141,0.2114,음식,한식,59,25,8,11,157,88,7,33,37,222,0,0.0,없음,26,897,18590.0,850.2,45.73,1.39,63.41
2714061500,대구광역시 동구 도평동,27140,동구,19.9271,3371,1834,1537,204,476,303,287,525,1576,119.32,0.2311,0.2409,0.4675,72,2629.1,0.0,650.8,4.2,1.635,0.2477,소매,한식,6,2,0,0,25,8,1,4,3,23,0,0.0,없음,3,41,169.2,3.6,21.36,0.57,12.16
2714062000,대구광역시 동구 불로·봉무동,27140,동구,7.6608,19381,9521,9860,3386,1763,1940,3102,3393,5797,96.56,0.1911,0.3351,0.2991,1256,2945.5,0.0008,72.5,1075.7,1.7038,0.2391,소매,한식,73,79,9,35,417,133,2,32,67,409,0,0.0,없음,57,4178,2529.9,164.0,64.81,3.33,215.57
2714064000,대구광역시 동구 지저동,27140,동구,2.2358,12323,6072,6251,940,1074,1210,1247,2059,5793,97.14,0.1853,0.2683,0.4701,380,469.2,0.5684,132.7,412.7,1.6623,0.2462,음식,한식,11,7,2,8,108,64,4,17,22,137,1,9062.4,아양교,12,2021,5511.7,170.0,30.84,5.32,164.0
2714065500,대구광역시 동구 동촌동,27140,동구,4.4612,13815,6950,6865,1185,1330,1553,1596,2299,5852,101.24,0.2087,0.2819,0.4236,554,510.3,0.4116,99.5,352.6,1.7752,0.2184,음식,한식,45,12,2,15,120,104,12,20,29,195,1,4475.3,동촌,31,1690,3096.7,124.2,40.1,3.05,122.33
2714067000,대구광역시 동구 방촌동,27140,동구,1.2248,16714,8056,8658,1467,1516,1580,1715,2864,7572,93.05,0.1852,0.274,0.453,592,972.5,0.0,84.2,212.6,1.7373,0.224,음식,한식,29,25,6,11,146,116,2,20,36,201,0,0.0,없음,22,638,13646.3,483.3,35.42,1.08,38.17
2714068500,대구광역시 동구 해안동,27140,동구,13.264,12925,6419,6506,1064,1173,1311,1364,2149,5864,98.66,0.1922,0.2718,0.4537,475,755.4,0.0589,157.2,160.5,1.8161,0.2022,음식,한식,38,15,6,8,120,90,3,29,25,141,2,11140.2,"방촌, 해안",23,480,974.4,35.8,36.75,1.01,37.14
2714076000,대구광역시 동구 공산동,27140,동구,83.2696,19708,9533,10175,2226,1369,2044,2443,3434,8192,93.69,0.1732,0.2982,0.4157,754,7174.6,0.0,263.0,61.0,1.6036,0.3042,음식,한식,28,29,4,26,151,68,32,17,23,376,0,0.0,없음,67,1875,236.7,9.1,38.26,2.49,95.14
2714072000,대구광역시 동구 안심1동,27140,동구,3.4892,37158,17974,19184,5235,3647,3918,5308,6050,13000,93.69,0.2036,0.3057,0.3499,1776,428.2,0.5923,86.6,451.6,1.7618,0.2211,음식,한식,98,94,25,60,467,305,5,49,77,596,2,15850.8,"신기, 율하",56,2910,10649.4,509.0,47.8,1.64,78.31
2714073000,대구광역시 동구 안심2동,27140,동구,13.3309,17002,8483,8519,2238,1665,2729,2223,3018,5129,99.58,0.2584,0.3083,0.3017,394,844.7,0.3046,127.6,159.2,1.8547,0.2007,소매,한식,30,9,4,15,125,66,11,24,15,95,1,3810.8,용계,43,1493,1275.4,29.6,23.17,3.79,87.81
2714074700,대구광역시 동구 안심4동,27140,동구,2.572,26289,12831,13458,3959,2949,3004,3863,4842,7672,95.34,0.2264,0.3311,0.2918,985,390.0,0.7503,69.9,438.1,1.8606,0.1903,음식,한식,67,56,10,45,223,230,3,41,49,261,2,13918.2,"각산, 반야월",66,2726,10221.2,383.0,37.47,2.77,103.69
2717051000,대구광역시 서구 내당1동,27170,서구,0.5707,14683,7208,7475,2048,1558,2359,2055,2416,4247,96.43,0.2668,0.3045,0.2892,461,613.4,0.3362,82.4,826.7,1.842,0.2107,음식,한식,30,19,7,31,85,80,6,15,20,168,0,0.0,없음,27,1153,25728.1,807.8,31.4,2.5,78.53
2717052500,대구광역시 서구 내당2·3동,27170,서구,0.4967,8091,3898,4193,478,694,726,798,1501,3894,92.96,0.1755,0.2841,0.4813,443,456.6,0.6524,98.7,339.8,1.6893,0.2421,소매,한식,27,6,5,17,152,66,4,16,14,136,0,0.0,없음,13,287,16289.5,891.9,54.75,0.65,35.47
2717054000,대구광역시 서구 내당4동,27170,서구,0.8127,14119,6689,7430,1106,1505,1604,1559,2416,5929,90.03,0.2202,0.2815,0.4199,812,644.9,0.2352,93.1,493.5,1.7588,0.2218,음식,한식,51,28,8,25,230,140,6,33,31,260,0,0.0,없음,30,1151,17373.0,999.1,57.51,1.42,81.52
2717055000,대구광역시 서구 비산1동,27170,서구,0.4334,7738,3881,3857,518,613,635,771,1482,3719,100.62,0.1613,0.2912,0.4806,213,505.0,0.5352,128.0,115.3,1.5363,0.2698,소매,한식,13,2,1,1,82,37,2,11,2,62,0,0.0,없음,4,94,17854.2,491.5,27.53,0.44,12.15
2717056500,대구광역시 서구 비산2·3동,27170,서구,0.555,7550,3680,3870,407,517,577,660,1292,4097,95.09,0.1449,0.2585,0.5426,523,678.0,0.3078,90.0,196.2,1.5586,0.2808,음식,한식,24,6,6,11,146,76,2,12,20,220,0,0.0,없음,13,276,13603.6,942.3,69.27,0.53,36.56
2717058000,대구광역시 서구 비산4동,27170,서구,0.434,8143,3928,4215,553,668,751,855,1472,3844,93.19,0.1743,0.2858,0.4721,311,872.3,0.0579,81.6,200.0,1.7548,0.2141,음식,한식,30,8,0,7,85,48,2,14,19,98,0,0.0,없음,12,256,18762.7,716.6,38.19,0.82,31.44
2717059000,대구광역시 서구 비산5동,27170,서구,0.3445,4744,2395,2349,261,317,360,458,806,2542,101.96,0.1427,0.2664,0.5358,337,201.9,1.0,110.7,204.0,1.6091,0.2893,음식,한식,9,8,4,9,73,44,9,7,16,158,2,7774.7,"원대, 팔달시장",4,128,13770.7,978.2,71.04,0.38,26.98
2717060000,대구광역시 서구 비산6동,27170,서구,0.2715,6319,3068,3251,361,525,528,596,1226,3083,94.37,0.1666,0.2883,0.4879,225,935.7,0.0,79.1,166.1,1.6884,0.2296,소매,이용·미용,11,1,0,14,70,42,4,6,10,67,0,0.0,없음,7,200,23274.4,828.7,35.61,0.89,31.65
2717061000,대구광역시 서구 비산7동,27170,서구,2.584,9260,4868,4392,749,829,1014,955,1753,3960,110.84,0.199,0.2924,0.4276,815,513.8,0.4699,145.0,189.6,1.6054,0.2613,음식,한식,34,3,1,14,220,135,27,29,31,321,1,2543.2,만평,25,1162,3583.6,315.4,88.01,1.43,125.49
2717062000,대구광역시 서구 평리1동,27170,서구,0.3656,6126,3059,3067,413,508,521,620,1087,2977,99.74,0.168,0.2786,0.486,295,1031.4,0.0,143.7,102.6,1.7586,0.212,소매,이용·미용,21,9,0,8,91,63,2,13,16,72,0,0.0,없음,4,68,16756.0,806.9,48.16,0.23,11.1
2717063000,대구광역시 서구 평리2동,27170,서구,0.2781,6820,3284,3536,824,536,627,907,1211,2715,92.87,0.1705,0.3106,0.3981,206,1200.3,0.0,132.2,152.3,1.7598,0.2156,음식,한식,11,10,7,3,53,39,0,13,4,66,0,0.0,없음,6,115,24523.6,740.7,30.21,0.56,16.86
2717064000,대구광역시 서구 평리3동,27170,서구,0.7793,12090,5994,6096,1506,920,1640,1675,1904,4445,98.33,0.2117,0.296,0.3677,647,1448.3,0.0,98.1,230.2,1.772,0.2255,음식,한식,49,18,9,28,153,94,4,23,30,239,0,0.0,없음,17,808,15513.9,830.2,53.52,1.25,66.83
2717065000,대구광역시 서구 평리4동,27170,서구,0.7453,15025,7483,7542,1567,1343,1621,1906,2620,5968,99.22,0.1973,0.3012,0.3972,950,1310.9,0.0,128.1,308.6,1.72,0.2512,음식,한식,39,25,13,18,200,143,36,30,47,399,0,0.0,없음,29,553,20159.7,1274.7,63.23,0.58,36.81
2717066000,대구광역시 서구 평리5동,27170,서구,0.4071,10531,5258,5273,2276,761,2604,1719,1211,1960,99.72,0.3195,0.2782,0.1861,186,1832.0,0.0,74.6,214.6,1.864,0.2045,음식,한식,10,6,5,14,39,29,2,8,8,65,0,0.0,없음,9,224,25868.3,456.9,17.66,1.2,21.27
2717066100,대구광역시 서구 평리6동,27170,서구,0.7464,5391,2792,2599,628,439,978,643,893,1810,107.43,0.2628,0.2849,0.3357,174,1588.9,0.0,115.5,129.4,1.7879,0.199,소매,부동산 서비스,11,4,2,17,52,30,0,15,1,42,0,0.0,없음,10,317,7222.7,233.1,32.28,1.82,58.8
2717067500,대구광역시 서구 상중이동,27170,서구,6.7768,16863,8338,8525,1901,1546,1614,2068,3005,6729,97.81,0.1874,0.3008,0.399,1196,1380.9,0.0125,121.8,191.9,1.8364,0.1905,소매,한식,132,39,5,32,345,225,4,106,44,264,0,0.0,없음,73,3259,2488.3,176.5,70.92,2.72,193.26
2717069500,대구광역시 서구 원대동,27170,서구,0.6219,9963,4973,4990,948,866,1492,1197,1725,3735,99.66,0.2367,0.2933,0.3749,424,291.4,0.9009,81.4,230.3,1.6358,0.2562,음식,한식,29,11,2,12,129,58,3,14,9,157,1,7453.5,북구청,18,475,16020.3,681.8,42.56,1.12,47.68
2720051500,대구광역시 남구 이천동,27200,남구,1.0429,14245,6690,7555,1952,1189,2032,2029,2397,4646,88.55,0.2261,0.3107,0.3261,492,549.3,0.628,108.6,288.2,1.8983,0.1785,소매,이용·미용,59,44,2,18,127,85,6,18,17,116,0,0.0,없음,12,350,13659.0,471.8,34.54,0.71,24.57
2720053000,대구광역시 남구 봉덕1동,27200,남구,0.4881,7680,3696,3984,492,803,851,859,1396,3279,92.77,0.2154,0.2936,0.427,651,815.4,0.192,119.4,195.9,1.7448,0.2254,음식,한식,67,18,5,17,194,83,5,29,22,211,0,0.0,없음,12,448,15734.5,1333.7,84.77,0.69,58.33
2720054000,대구광역시 남구 봉덕2동,27200,남구,3.0276,12852,6067,6785,1983,890,1640,1851,2016,4472,89.42,0.1969,0.3009,0.348,470,1539.8,0.0,174.0,59.5,1.8229,0.2066,음식,한식,46,21,6,27,113,66,2,13,19,157,0,0.0,없음,4,66,4244.9,155.2,36.57,0.14,5.14
2720055000,대구광역시 남구 봉덕3동,27200,남구,3.0696,14003,6604,7399,1456,1353,1339,1724,2437,5694,89.26,0.1922,0.2972,0.4066,858,904.0,0.1096,117.1,221.5,1.8839,0.1868,음식,한식,98,48,6,33,193,146,10,45,28,251,0,0.0,없음,23,902,4561.8,279.5,61.27,1.05,64.41
2720056000,대구광역시 남구 대명1동,27200,남구,0.4605,9242,4495,4747,811,1124,1022,1081,1550,3654,94.69,0.2322,0.2847,0.3954,340,313.8,0.8971,101.0,202.5,1.8727,0.1893,음식,한식,48,10,3,20,63,63,5,14,10,104,1,7928.3,대명,10,142,20069.5,738.3,36.79,0.42,15.36
2720057100,대구광역시 남구 대명2동,27200,남구,0.8755,15229,7211,8018,1817,2505,2850,1932,2161,3964,89.94,0.3516,0.2688,0.2603,799,253.3,0.9862,89.3,331.0,1.8046,0.2151,음식,한식,87,43,7,33,184,97,13,38,11,286,1,7568.7,교대,20,780,17394.6,912.6,52.47,0.98,51.22
2720058600,대구광역시 남구 대명3동,27200,남구,0.9315,12166,5907,6259,971,1627,1922,1356,1927,4363,94.38,0.2917,0.2699,0.3586,944,415.9,0.7119,92.7,338.9,1.8061,0.2111,음식,한식,120,35,5,36,218,112,7,45,38,328,1,5897.8,현충로,20,1055,13060.7,1013.4,77.59,1.12,86.72
2720059000,대구광역시 남구 대명4동,27200,남구,0.76,9003,4249,4754,623,1055,825,896,1490,4114,89.38,0.2088,0.265,0.457,635,536.5,0.3512,93.6,496.8,1.7378,0.2232,음식,한식,64,6,6,17,190,99,9,25,23,196,1,7282.1,안지랑,20,1742,11846.1,835.5,70.53,2.74,193.49
2720060000,대구광역시 남구 대명5동,27200,남구,0.74,8896,4209,4687,1060,1541,1483,1082,1443,2287,89.8,0.3399,0.2838,0.2571,607,256.8,0.8666,71.6,557.7,1.8206,0.2171,음식,한식,63,27,8,22,123,80,8,28,20,228,1,11071.1,영대병원,20,2694,12021.6,820.3,68.23,4.44,302.83
2720061000,대구광역시 남구 대명6동,27200,남구,1.5709,10276,4913,5363,1016,1178,1370,1329,1783,3600,91.61,0.248,0.3028,0.3503,560,385.9,0.675,135.0,329.3,1.9196,0.1736,소매,이용·미용,93,32,10,35,137,87,5,25,8,128,0,0.0,없음,13,857,6541.5,356.5,54.5,1.53,83.4
2720064000,대구광역시 남구 대명9동,27200,남구,3.1401,13110,6343,6767,992,1587,1617,1619,2323,4972,93.73,0.2444,0.3007,0.3793,785,817.3,0.0038,116.3,184.2,1.8211,0.2046,음식,한식,111,32,2,21,173,104,16,40,23,263,0,0.0,없음,28,762,4175.0,250.0,59.88,0.97,58.12
2720065000,대구광역시 남구 대명10동,27200,남구,0.5166,7805,3625,4180,449,907,886,838,1247,3478,86.72,0.2297,0.2671,0.4456,650,375.5,0.8677,82.5,574.8,1.8044,0.2044,음식,한식,96,11,7,18,122,126,8,29,22,211,1,15387.0,서부정류장,12,444,15108.4,1258.2,83.28,0.68,56.89
2720066000,대구광역시 남구 대명11동,27200,남구,0.8477,7152,3330,3822,415,597,741,754,1173,3472,87.13,0.1871,0.2694,0.4855,614,687.2,0.0537,116.7,454.2,1.5689,0.285,소매,섬유·의복·신발 소매,58,11,9,8,275,68,3,18,12,152,0,0.0,없음,19,711,8436.9,724.3,85.85,1.16,99.41
2723051000,대구광역시 북구 고성동,27230,북구,0.52,14603,7217,7386,3323,1100,3875,2674,1562,2069,97.71,0.3407,0.2901,0.1417,502,502.8,0.4641,136.9,698.5,1.5975,0.2982,음식,한식,24,25,0,24,76,60,3,9,30,251,0,0.0,없음,9,694,28082.7,965.4,34.38,1.38,47.52
2723052600,대구광역시 북구 칠성동,27230,북구,1.3907,23657,11254,12403,3916,2586,3678,3800,3782,5895,90.74,0.2648,0.3205,0.2492,1349,435.4,0.6308,88.6,877.9,1.5237,0.3075,소매,섬유·의복·신발 소매,70,58,5,26,637,115,9,27,43,359,2,23713.1,"대구역, 칠성시장",51,4486,17010.9,970.0,57.02,3.33,189.63
2723055000,대구광역시 북구 침산1동,27230,북구,1.4697,3441,1834,1607,239,257,312,345,583,1705,114.13,0.1654,0.2697,0.4955,196,1796.3,0.0,157.8,93.6,1.733,0.2231,소매,한식,15,5,2,10,65,31,0,10,4,54,0,0.0,없음,6,115,2341.3,133.4,56.96,0.59,33.42
2723056000,대구광역시 북구 침산2동,27230,북구,0.8533,17835,8502,9333,3636,1714,2364,3091,2974,4056,91.1,0.2287,0.3401,0.2274,593,1297.3,0.0,76.0,684.5,1.8863,0.183,음식,한식,40,89,22,11,113,80,1,9,47,181,0,0.0,없음,23,2202,20901.2,694.9,33.25,3.71,123.47
2723057000,대구광역시 북구 침산3동,27230,북구,1.0462,17704,8375,9329,2877,1696,1745,2555,3307,5524,89.77,0.1944,0.3311,0.312,541,1374.8,0.0,80.3,644.1,1.8583,0.1878,음식,한식,54,73,8,15,107,80,0,21,16,167,0,0.0,없음,27,1418,16922.2,517.1,30.56,2.62,80.09
2723061000,대구광역시 북구 산격1동,27230,북구,0.8679,7370,3584,3786,365,443,561,626,1250,4125,94.66,0.1362,0.2545,0.5597,247,2197.3,0.0,139.3,71.8,1.7525,0.219,소매,한식,23,5,3,3,80,40,2,14,10,67,0,0.0,없음,5,69,8491.8,284.6,33.51,0.28,9.36
2723062000,대구광역시 북구 산격2동,27230,북구,2.3539,9376,4561,4815,942,998,957,1021,1689,3769,94.72,0.2085,0.289,0.402,1263,2945.4,0.0,54.2,2052.4,1.5111,0.3187,소매,가전·통신 소매,111,22,4,15,648,126,6,70,29,232,0,0.0,없음,84,10440,3983.2,536.6,134.71,8.27,1113.48
2723063000,대구광역시 북구 산격3동,27230,북구,1.272,8390,4353,4037,557,2699,947,704,981,2502,107.83,0.4346,0.2008,0.2982,947,2105.0,0.0,100.4,1139.1,1.6083,0.2863,음식,한식,53,22,14,18,197,117,4,27,51,444,0,0.0,없음,19,3619,6595.9,744.5,112.87,3.82,431.35
2723063100,대구광역시 북구 산격4동,27230,북구,0.7157,6961,3622,3339,462,811,754,732,1170,3032,108.48,0.2248,0.2732,0.4356,368,2035.1,0.0,135.4,252.6,1.8845,0.1839,음식,한식,51,11,1,11,80,54,10,33,10,107,0,0.0,없음,6,595,9726.1,514.2,52.87,1.62,85.48
2723067100,대구광역시 북구 복현1동,27230,북구,0.3619,7131,4027,3104,391,2679,884,599,907,1671,129.74,0.4996,0.2112,0.2343,495,1714.4,0.0,94.8,312.4,1.6966,0.2765,음식,주점,19,10,8,15,85,50,26,12,35,235,0,0.0,없음,10,333,19704.3,1367.8,69.42,0.67,46.7
2723067200,대구광역시 북구 복현2동,27230,북구,1.8078,28733,14203,14530,4630,3620,3747,4066,4844,7826,97.75,0.2564,0.3101,0.2724,649,1620.2,0.0,89.8,355.2,1.8941,0.1801,음식,이용·미용,48,76,4,31,127,106,3,13,49,192,0,0.0,없음,39,1348,15893.9,359.0,22.59,2.08,46.91
2723068000,대구광역시 북구 검단동,27230,북구,3.7681,5414,2621,2793,386,383,548,638,868,2591,93.84,0.172,0.2782,0.4786,190,2658.8,0.0,173.9,208.6,1.7306,0.2148,음식,한식,18,6,1,6,49,34,0,14,2,60,0,0.0,없음,6,574,1436.8,50.4,35.09,3.02,106.02
2723069500,대구광역시 북구 무태조야동,27230,북구,22.8763,32499,16591,15908,5127,3269,3089,5002,7055,8957,104.29,0.1956,0.371,0.2756,1211,3904.0,0.0,126.0,240.2,1.8693,0.1911,음식,한식,117,98,13,43,264,169,3,34,85,385,0,0.0,없음,48,1749,1420.6,52.9,37.26,1.44,53.82
2723073500,대구광역시 북구 태전2동,27230,북구,2.0691,21610,10472,11138,2702,2596,2309,2628,4108,7267,94.02,0.227,0.3117,0.3363,961,413.0,0.7815,84.8,470.0,1.797,0.2109,음식,한식,62,49,9,31,265,166,6,33,46,294,1,3795.2,매천,51,2036,10444.2,464.5,44.47,2.12,94.22
2723071500,대구광역시 북구 관문동,27230,북구,14.8231,31975,15824,16151,5814,2618,3699,5568,5569,8707,97.98,0.1976,0.3483,0.2723,809,1662.6,0.3498,101.6,205.6,1.7905,0.2107,음식,한식,49,69,2,30,215,119,5,25,35,260,3,7033.3,"공단, 매천시장, 팔달",64,2576,2157.1,54.6,25.3,3.18,80.56
2723077000,대구광역시 북구 읍내동,27230,북구,5.6904,24576,12189,12387,3044,2896,2878,2792,4864,8102,98.4,0.2349,0.3115,0.3297,991,977.2,0.0,102.5,601.6,1.7105,0.2288,음식,한식,58,33,13,38,279,188,0,31,29,322,0,0.0,없음,37,1572,4318.9,174.2,40.32,1.59,63.96
2723075000,대구광역시 북구 관음동,27230,북구,3.0672,13689,6872,6817,1337,1428,1267,1435,2841,5381,100.81,0.1969,0.3124,0.3931,584,1468.8,0.0,134.7,374.4,1.7842,0.2126,음식,한식,31,25,5,13,146,123,6,23,31,181,0,0.0,없음,23,1198,4463.0,190.4,42.66,2.05,87.52
2723072500,대구광역시 북구 태전1동,27230,북구,2.5135,21074,10488,10586,2279,3359,2318,2363,3853,6902,99.07,0.2694,0.295,0.3275,814,633.0,0.2862,111.5,327.5,1.7551,0.2231,음식,한식,42,18,8,33,177,168,6,26,50,286,1,3814.3,태전,23,1588,8384.3,323.9,38.63,1.95,75.35
2723074500,대구광역시 북구 구암동,27230,북구,4.1947,30230,14672,15558,4622,3799,2699,4023,6954,8133,94.31,0.215,0.3631,0.269,1035,349.2,0.7449,111.1,403.8,1.7552,0.2259,음식,한식,62,54,10,39,217,174,0,36,53,390,3,15065.5,"구암, 동천, 칠곡운암",41,2117,7206.7,246.7,34.24,2.05,70.03
2723079000,대구광역시 북구 노원동,27230,북구,3.0536,10954,5607,5347,1017,858,1400,1281,1882,4516,104.86,0.2061,0.2888,0.4123,1104,693.4,0.3207,104.8,266.5,1.7025,0.2355,음식,한식,117,14,7,40,284,155,9,41,32,405,0,0.0,없음,44,1224,3587.2,361.5,100.79,1.11,111.74
2723078000,대구광역시 북구 동천동,27230,북구,1.0632,24635,11817,12818,4142,3219,2419,3372,5936,5547,92.19,0.2289,0.3778,0.2252,1429,430.1,0.6767,30.1,1498.7,1.7811,0.2241,음식,한식,47,143,39,24,296,167,12,25,128,548,1,8538.0,팔거,118,4100,23170.6,1344.1,58.01,2.87,166.43
2723080000,대구광역시 북구 국우동,27230,북구,16.9087,29112,14395,14717,4979,3741,3756,4419,5996,6221,97.81,0.2575,0.3578,0.2137,942,759.4,0.4586,150.2,272.2,1.7701,0.2169,음식,한식,52,84,12,32,207,161,0,27,34,333,2,3118.2,"칠곡경대병원, 학정",41,2431,1721.7,55.7,32.36,2.58,83.51
2723064500,대구광역시 북구 대현동,27230,북구,0.855,15618,7894,7724,1496,2771,1452,1783,2477,5639,102.2,0.2704,0.2728,0.3611,801,879.3,0.1423,110.8,239.0,1.7877,0.2308,음식,한식,46,24,6,37,171,104,17,43,36,317,0,0.0,없음,23,786,18266.7,936.8,51.29,0.98,50.33
2726051000,대구광역시 수성구 범어1동,27260,수성구,1.1852,22679,10859,11820,5507,1968,2753,4313,3742,4396,91.87,0.2082,0.3552,0.1938,988,239.4,0.996,85.2,1056.3,1.9254,0.1877,음식,한식,87,111,37,87,152,98,3,21,47,345,2,19467.9,"범어, 수성구민운동장",34,2378,19135.2,833.6,43.56,2.41,104.85
2726052000,대구광역시 수성구 범어2동,27260,수성구,1.0094,15345,7278,8067,2772,1931,2007,2479,2479,3677,90.22,0.2566,0.3231,0.2396,1094,482.8,0.5384,70.5,1064.7,1.8705,0.1929,과학·기술,법무관련 ,369,133,24,60,148,101,1,35,26,197,1,10699.6,수성구청,42,2861,15202.1,1083.8,71.29,2.62,186.45
2726053000,대구광역시 수성구 범어3동,27260,수성구,0.5836,17016,8114,8902,3985,1693,2396,3175,2849,2918,91.15,0.2403,0.354,0.1715,1155,503.0,0.4978,54.3,1299.8,1.8564,0.1998,음식,법무관련 ,330,107,26,51,119,101,5,33,43,340,0,0.0,없음,39,2389,29157.0,1979.1,67.88,2.07,140.4
2726054000,대구광역시 수성구 범어4동,27260,수성구,1.1922,18446,9074,9372,5487,1547,1013,4354,3166,2879,96.82,0.1388,0.4077,0.1561,1151,382.2,0.7541,80.5,516.8,1.7887,0.2087,음식,일반 교육,43,331,17,62,172,109,2,14,61,340,0,0.0,없음,29,974,15472.2,965.4,62.4,0.85,52.8
2726055000,대구광역시 수성구 만촌1동,27260,수성구,2.6991,20174,9777,10397,3212,1950,2020,2747,3600,6645,94.04,0.1968,0.3146,0.3294,851,1236.9,0.0,102.4,434.8,1.9356,0.1675,음식,한식,115,93,11,17,196,132,4,46,38,199,0,0.0,없음,39,2268,7474.3,315.3,42.18,2.67,112.42
2726056000,대구광역시 수성구 만촌2동,27260,수성구,1.9514,13080,6548,6532,2395,1560,1334,2103,2321,3367,100.24,0.2213,0.3382,0.2574,612,658.5,0.3431,120.5,172.3,1.9354,0.1652,음식,한식,76,78,11,24,134,105,0,22,23,139,0,0.0,없음,17,469,6702.9,313.6,46.79,0.77,35.86
2726056100,대구광역시 수성구 만촌3동,27260,수성구,1.6947,20523,10643,9880,5389,1910,1514,4425,3708,3577,107.72,0.1668,0.3963,0.1743,735,416.1,0.5578,121.7,188.8,1.9243,0.1719,음식,이용·미용,53,107,13,54,163,104,1,17,31,192,2,14504.4,"담티, 만촌",13,797,12110.1,433.7,35.81,1.08,38.83
2726057000,대구광역시 수성구 수성1가동,27260,수성구,0.6383,16970,7626,9344,2859,1626,1570,2484,3100,5331,81.61,0.1883,0.3291,0.3141,708,306.7,0.8814,123.4,357.1,1.9594,0.164,음식,이용·미용,55,82,16,49,164,118,0,34,25,165,1,11615.6,대구은행,13,364,26586.2,1109.2,41.72,0.51,21.45
2726058000,대구광역시 수성구 수성2·3가동,27260,수성구,0.6602,10185,4952,5233,2036,1013,760,1609,1915,2852,94.63,0.1741,0.346,0.28,722,276.9,0.9848,81.0,550.7,1.8895,0.1857,음식,한식,64,83,25,26,158,95,0,19,30,222,1,5644.8,수성시장,24,1441,15427.1,1093.6,70.89,2.0,141.48
2726059000,대구광역시 수성구 수성4가동,27260,수성구,0.6138,12798,5867,6931,1459,1388,1183,1449,2602,4717,84.65,0.2009,0.3165,0.3686,678,395.7,0.7478,116.3,458.2,1.9008,0.1918,음식,한식,53,68,27,26,122,86,2,14,46,234,0,0.0,없음,14,423,20850.4,1104.6,52.98,0.62,33.05
2726060100,대구광역시 수성구 황금1동,27260,수성구,2.5751,20820,9953,10867,4762,1959,1662,3588,3783,5066,91.59,0.1739,0.354,0.2433,399,851.9,0.0702,140.7,72.8,1.9203,0.1666,음식,일반 교육,29,85,3,30,77,55,0,10,20,90,0,0.0,없음,13,480,8085.1,154.9,19.16,1.2,23.05
2726060200,대구광역시 수성구 황금2동,27260,수성구,1.1892,11770,5644,6126,1664,1329,1689,1756,1975,3357,92.13,0.2564,0.317,0.2852,1030,557.5,0.4214,71.0,395.5,1.9253,0.1843,음식,한식,119,64,19,53,173,176,12,40,43,331,1,2213.9,어린이회관,58,1605,9897.4,866.1,87.51,1.56,136.36
2726061000,대구광역시 수성구 중동,27260,수성구,0.948,14422,7047,7375,2369,1396,2068,2395,2432,3762,95.55,0.2402,0.3347,0.2609,808,1056.8,0.0334,71.2,386.9,1.9604,0.1665,음식,한식,107,52,14,32,167,149,6,52,30,199,0,0.0,없음,38,1100,15213.1,852.3,56.03,1.36,76.27
2726062000,대구광역시 수성구 상동,27260,수성구,1.3277,13938,6761,7177,1483,1388,1454,1724,2445,5444,94.2,0.2039,0.2991,0.3906,986,1288.9,0.0,115.7,118.7,1.9138,0.1732,음식,한식,131,70,4,50,216,190,8,37,39,241,0,0.0,없음,28,678,10497.9,742.6,70.74,0.69,48.64
2726063000,대구광역시 수성구 파동,27260,수성구,5.4129,17133,8198,8935,2440,1386,2397,2604,2883,5423,91.75,0.2208,0.3203,0.3165,326,1661.7,0.0,177.5,28.4,1.8928,0.1863,음식,한식,32,27,7,13,67,48,0,16,13,103,0,0.0,없음,13,264,3165.2,60.2,19.03,0.81,15.41
2726064000,대구광역시 수성구 두산동,27260,수성구,1.8605,14840,7171,7669,2121,1803,2190,2288,2620,3818,93.51,0.2691,0.3307,0.2573,1558,524.0,0.4589,63.3,732.3,1.7103,0.257,음식,한식,133,63,4,52,261,206,24,43,79,693,1,4499.5,수성못,72,3584,7976.4,837.4,104.99,2.3,241.51
2726065100,대구광역시 수성구 지산1동,27260,수성구,2.8948,18617,8813,9804,1646,2000,1886,2001,3468,7616,89.89,0.2087,0.2938,0.4091,1301,326.2,0.9101,78.8,541.8,1.8658,0.1928,음식,한식,105,95,22,27,292,220,6,51,80,403,1,5358.9,황금,63,1776,6431.2,449.4,69.88,1.37,95.4
2726065200,대구광역시 수성구 지산2동,27260,수성구,1.6406,18149,8408,9741,2255,1743,1929,2215,3340,6667,86.32,0.2023,0.3061,0.3673,787,398.0,0.8119,70.1,289.4,1.9254,0.1733,음식,이용·미용,98,60,12,38,187,136,3,28,32,193,1,4126.8,지산,26,928,11062.4,479.7,43.36,1.18,51.13
2726066100,대구광역시 수성구 범물1동,27260,수성구,5.8003,9654,4297,5357,590,648,667,854,1483,5412,80.21,0.1362,0.2421,0.5606,370,338.1,0.9676,151.4,815.3,1.6642,0.2539,소매,섬유·의복·신발 소매,18,21,5,11,140,44,1,12,8,110,2,11108.8,"범물, 용지",13,781,1664.4,63.8,38.33,2.11,80.9
2726066200,대구광역시 수성구 범물2동,27260,수성구,2.122,15526,7402,8124,2373,1449,1518,2158,2832,5196,91.11,0.1911,0.3214,0.3347,414,382.0,0.8309,92.4,463.5,1.9377,0.1709,음식,이용·미용,43,42,11,15,98,59,0,15,24,107,0,0.0,없음,14,590,7316.7,195.1,26.66,1.43,38.0
2726067000,대구광역시 수성구 고산1동,27260,수성구,8.624,31066,14890,16176,5924,3392,3054,4672,5989,8035,92.05,0.2075,0.3432,0.2586,1132,600.7,0.4735,94.4,613.8,1.7871,0.2082,음식,한식,41,176,30,32,243,147,1,10,69,383,1,11318.1,신매,43,2849,3602.3,131.3,36.44,2.52,91.71
2726068000,대구광역시 수성구 고산2동,27260,수성구,24.337,25533,12481,13052,4202,2797,2968,3433,4796,7337,95.63,0.2258,0.3223,0.2874,1270,499.8,0.5976,123.8,249.9,1.894,0.1828,소매,한식,180,97,9,71,345,133,5,52,53,325,3,11450.8,"고산, 대공원, 연호",88,6126,1049.1,52.2,49.74,4.82,239.92
2726069000,대구광역시 수성구 고산3동,27260,수성구,5.2954,29136,13886,15250,4188,3371,2881,3683,5998,9015,91.06,0.2146,0.3323,0.3094,841,377.6,0.8193,93.3,511.9,1.8415,0.1966,음식,한식,41,92,7,45,175,128,0,28,48,277,1,8180.9,사월,35,994,5502.1,158.8,28.86,1.18,34.12
2729055000,대구광역시 달서구 두류3동,27290,달서구,1.2035,8931,4312,4619,912,986,1201,1070,1484,3278,93.35,0.2449,0.286,0.367,781,263.5,0.9104,81.6,712.8,1.7883,0.2272,음식,한식,99,21,16,16,152,69,5,43,51,309,1,14138.0,두류,23,954,7420.9,648.9,87.45,1.22,106.82
2729059000,대구광역시 달서구 본리동,27290,달서구,1.0774,22993,11298,11695,4102,2023,3410,3744,3946,5768,96.61,0.2363,0.3344,0.2509,723,1208.5,0.0,111.4,381.0,1.8016,0.2229,음식,한식,39,31,9,41,167,92,9,19,45,271,0,0.0,없음,48,1195,21341.2,671.1,31.44,1.65,51.97
2729055500,대구광역시 달서구 감삼동,27290,달서구,1.1434,31125,15128,15997,5313,3493,4956,4738,5121,7504,94.57,0.2715,0.3168,0.2411,1465,450.0,0.641,84.8,514.2,1.8307,0.2048,음식,한식,122,72,26,54,312,270,6,56,58,489,1,12921.8,감삼,37,1705,27221.4,1281.3,47.07,1.16,54.78
2729056300,대구광역시 달서구 죽전동,27290,달서구,0.7849,14344,7054,7290,1513,1801,2373,1751,2366,4540,96.76,0.291,0.287,0.3165,951,343.2,0.8107,74.0,580.0,1.8808,0.1874,음식,한식,106,30,34,34,237,176,4,41,34,255,1,13243.8,죽전,42,1402,18274.9,1211.6,66.3,1.47,97.74
2729056800,대구광역시 달서구 장기동,27290,달서구,2.76,15347,7429,7918,2036,1704,1943,2037,2922,4705,93.82,0.2376,0.3231,0.3066,846,906.7,0.1548,103.8,327.3,1.8569,0.1898,음식,한식,83,62,3,37,138,183,1,34,44,261,0,0.0,없음,34,958,5560.5,306.5,55.12,1.13,62.42
2729057600,대구광역시 달서구 이곡1동,27290,달서구,1.8033,19663,9794,9869,2203,2608,2299,2229,4324,6000,99.24,0.2496,0.3333,0.3051,837,366.7,0.8339,74.0,1398.8,1.8622,0.1923,음식,한식,51,74,13,18,187,133,2,32,66,261,2,15640.1,"성서산업단지, 이곡",56,2777,10903.9,464.1,42.57,3.32,141.23
2729058500,대구광역시 달서구 신당동,27290,달서구,9.211,27882,14062,13820,2655,6207,2984,2597,5049,8390,101.75,0.3296,0.2742,0.3009,2465,821.4,0.4365,133.7,477.8,1.7073,0.2461,음식,한식,168,47,6,86,638,289,61,79,120,971,2,24240.6,"강창, 계명대",113,7236,3027.0,267.6,88.41,2.94,259.52
2729060200,대구광역시 달서구 월성2동,27290,달서구,7.6185,13435,6323,7112,1025,1055,952,1353,2482,6568,88.91,0.1494,0.2854,0.4889,455,1831.7,0.0,147.8,250.2,1.7894,0.1993,음식,구내식당·뷔페,59,13,0,18,111,84,2,24,13,131,0,0.0,없음,41,2943,1763.5,59.7,33.87,6.47,219.05
2729062400,대구광역시 달서구 상인1동,27290,달서구,1.4947,31919,15296,16623,5072,3442,3174,4102,6108,10021,92.02,0.2073,0.3199,0.314,1050,455.1,0.5638,53.7,886.7,1.7616,0.2128,소매,섬유·의복·신발 소매,56,138,23,19,332,130,0,12,55,285,1,20963.7,상인,54,2895,21354.8,702.5,32.9,2.76,90.7
2729062500,대구광역시 달서구 상인2동,27290,달서구,0.9567,16737,8272,8465,1714,2095,2446,1934,2734,5814,97.72,0.2713,0.2789,0.3474,1185,510.6,0.5401,100.6,566.3,1.6938,0.2493,음식,한식,61,44,13,28,246,181,3,33,84,492,0,0.0,없음,33,927,17494.5,1238.6,70.8,0.78,55.39
2729062600,대구광역시 달서구 상인3동,27290,달서구,3.3085,9445,4508,4937,475,562,668,868,1482,5390,91.31,0.1302,0.2488,0.5707,363,1319.7,0.0,107.1,327.8,1.7064,0.2307,음식,한식,20,11,2,8,95,56,0,13,29,129,0,0.0,없음,13,464,2854.8,109.7,38.43,1.28,49.13
2729062800,대구광역시 달서구 도원동,27290,달서구,11.188,30857,14645,16212,3580,2977,2885,3641,5755,12019,90.33,0.19,0.3045,0.3895,659,1382.2,0.0,72.1,337.0,1.7287,0.2284,음식,한식,24,51,10,24,149,98,0,6,50,247,0,0.0,없음,41,1977,2758.0,58.9,21.36,3.0,64.07
2729063000,대구광역시 달서구 송현1동,27290,달서구,2.4579,15927,7997,7930,1195,1739,1722,1821,2870,6580,100.84,0.2173,0.2945,0.4131,837,366.2,0.7921,126.3,209.0,1.8609,0.1854,음식,이용·미용,79,45,5,29,203,185,1,47,39,204,1,6693.2,송현,22,743,6479.9,340.5,52.55,0.89,46.65
2729064000,대구광역시 달서구 송현2동,27290,달서구,0.9693,17618,8353,9265,1613,1641,2073,2058,2927,7306,90.16,0.2108,0.2829,0.4147,1011,449.2,0.6281,97.7,378.6,1.7597,0.2185,음식,한식,74,27,13,27,254,184,2,48,45,337,1,7829.2,월촌,33,831,18176.0,1043.0,57.38,0.82,47.17
2729065000,대구광역시 달서구 본동,27290,달서구,1.0557,13148,6441,6707,1434,1307,1671,1746,2420,4570,96.03,0.2265,0.3169,0.3476,513,1394.5,0.0,83.4,371.6,1.8481,0.202,음식,한식,46,11,3,29,105,77,6,30,29,177,0,0.0,없음,31,1481,12454.3,485.9,39.02,2.89,112.64
2729057100,대구광역시 달서구 용산1동,27290,달서구,1.4578,27808,13872,13936,3611,3448,3187,3314,6043,8205,99.54,0.2386,0.3365,0.2951,1001,500.2,0.5395,102.7,594.5,1.8138,0.2029,음식,한식,116,40,15,27,264,132,0,36,63,308,1,12948.6,용산,27,2800,19075.3,686.7,36.0,2.8,100.69
2729057200,대구광역시 달서구 용산2동,27290,달서구,1.5398,24584,12158,12426,2829,2811,2562,2970,5390,8022,97.84,0.2186,0.3401,0.3263,518,752.7,0.1409,119.8,147.4,1.7934,0.2037,음식,한식,41,17,2,16,110,106,0,31,30,165,0,0.0,없음,19,678,15965.7,336.4,21.07,1.31,27.58
2729057700,대구광역시 달서구 이곡2동,27290,달서구,2.2612,14054,7102,6952,1327,1556,1606,1650,2750,5165,102.16,0.225,0.3131,0.3675,869,594.7,0.6479,71.2,1744.6,1.7889,0.2376,음식,한식,86,34,11,25,150,80,11,40,64,368,0,0.0,없음,81,4290,6215.3,384.3,61.83,4.94,305.25
2729051500,대구광역시 달서구 성당동,27290,달서구,1.9869,19920,9622,10298,2472,1679,2038,2676,3387,7668,93.44,0.1866,0.3044,0.3849,1049,917.0,0.0143,97.4,251.2,1.8319,0.2022,음식,한식,84,46,6,32,254,196,17,47,43,324,0,0.0,없음,41,2331,10025.7,528.0,52.66,2.22,117.02
2729053500,"대구광역시 달서구 두류1,2동",27290,달서구,1.2776,15672,7693,7979,1431,2034,2568,1852,2425,5362,96.42,0.2936,0.2729,0.3421,955,325.6,0.8597,108.8,680.4,1.903,0.181,음식,한식,129,35,6,46,207,136,10,76,33,277,2,15669.8,"내당, 반고개",36,3657,12266.8,747.5,60.94,3.83,233.35
2771025000,대구광역시 달성군 화원읍,27710,달성군,25.9877,45354,22305,23049,5811,4481,4873,5382,8767,16040,96.77,0.2062,0.312,0.3537,1512,477.2,0.6104,134.8,174.0,1.7733,0.2158,음식,한식,78,66,15,62,421,256,2,56,80,476,2,17158.0,"설화명곡, 화원",64,2363,1745.2,58.2,33.34,1.56,52.1
2771025300,대구광역시 달성군 논공읍,27710,달성군,44.0501,14804,8023,6781,1548,1236,1359,1871,3353,5437,118.32,0.1753,0.3529,0.3673,1021,8220.1,0.0,217.0,76.6,1.7366,0.2276,음식,한식,41,14,5,47,311,152,12,54,58,327,0,0.0,없음,42,1664,336.1,23.2,68.97,1.63,112.4
2771025600,대구광역시 달성군 다사읍,27710,달성군,36.8156,88904,44288,44616,19414,7491,11904,17174,14262,18659,99.26,0.2182,0.3536,0.2099,2317,1242.5,0.3423,105.2,475.8,1.7768,0.2192,음식,한식,98,214,29,88,514,331,3,50,144,846,3,24793.4,"다사, 대실, 문양",133,4705,2414.8,62.9,26.06,2.03,52.92
2771031000,대구광역시 달성군 가창면,27710,달성군,110.4332,6719,3300,3419,587,394,366,633,1012,3727,96.52,0.1131,0.2448,0.5547,388,5522.5,0.0,661.2,134.5,1.676,0.2743,음식,한식,29,8,2,19,87,22,16,14,14,177,0,0.0,없음,32,2291,60.8,3.5,57.75,5.9,340.97
2771033000,대구광역시 달성군 하빈면,27710,달성군,37.7234,3104,1698,1406,121,127,183,196,498,1979,120.77,0.0999,0.2236,0.6376,177,3593.4,0.0,544.1,16.9,1.703,0.2362,음식,한식,6,3,0,13,56,17,3,16,4,59,0,0.0,없음,16,850,82.3,4.7,57.02,4.8,273.84
2771026200,대구광역시 달성군 옥포읍,27710,달성군,47.4421,22138,11110,11028,3452,1411,2379,3474,3547,7875,100.74,0.1712,0.3171,0.3557,731,4106.1,0.0,318.4,152.0,1.7783,0.2247,음식,한식,38,44,8,34,186,102,10,15,31,263,0,0.0,없음,39,937,466.6,15.4,33.02,1.28,42.33
2771026500,대구광역시 달성군 현풍읍,27710,달성군,24.3321,20887,11038,9849,3326,2240,3249,3557,2881,5634,112.07,0.2628,0.3082,0.2697,1373,12264.0,0.0,118.1,500.4,1.6722,0.2549,음식,한식,50,39,5,58,323,199,9,55,68,567,0,0.0,없음,76,3238,858.4,56.4,65.73,2.36,155.02
2771025900,대구광역시 달성군 유가읍,27710,달성군,56.1887,31236,15897,15339,8445,2435,4474,7118,4273,4491,103.64,0.2212,0.3647,0.1438,1117,12162.5,0.0,151.4,1047.5,1.7554,0.2371,음식,한식,55,118,18,33,201,130,3,24,72,463,0,0.0,없음,60,4302,555.9,19.9,35.76,3.85,137.73
2771038000,대구광역시 달성군 구지면,27710,달성군,39.6367,18847,9971,8876,4072,1366,3313,3831,2417,3848,112.34,0.2483,0.3315,0.2042,693,17209.4,0.0,218.4,87.9,1.65,0.2894,음식,한식,23,42,5,41,113,73,7,21,28,340,0,0.0,없음,59,2321,475.5,17.5,36.77,3.35,123.15
2772025000,대구광역시 군위군 군위읍,27720,군위군,82.95,7901,4113,3788,797,517,556,822,1415,3794,108.58,0.1358,0.2831,0.4802,559,30678.1,0.0,27018.2,0.0,1.7561,0.2261,음식,한식,60,17,3,27,168,57,7,19,17,184,0,0.0,없음,0,0,95.3,6.7,70.75,0.0,0.0
2772031000,대구광역시 군위군 소보면,27720,군위군,99.6768,2221,1187,1034,59,42,90,137,307,1586,114.8,0.0594,0.1999,0.7141,63,34386.7,0.0,31982.8,0.0,1.6534,0.2663,음식,한식,4,3,0,3,18,3,2,1,3,26,0,0.0,없음,0,0,22.3,0.6,28.37,0.0,0.0
2772032000,대구광역시 군위군 효령면,27720,군위군,96.6177,3639,1913,1726,149,117,180,199,527,2467,110.83,0.0816,0.1995,0.6779,140,19823.3,0.0,15880.3,0.0,1.6874,0.2412,음식,한식,8,4,0,5,43,16,10,4,1,49,0,0.0,없음,0,0,37.7,1.4,38.47,0.0,0.0
2772033000,대구광역시 군위군 부계면,27720,군위군,65.1498,2106,1111,995,74,66,98,103,343,1422,111.66,0.0779,0.2118,0.6752,156,14132.4,0.0,7043.5,0.0,1.5238,0.3038,음식,한식,4,1,0,9,25,5,29,2,5,76,0,0.0,없음,0,0,32.3,2.4,74.07,0.0,0.0
2772034000,대구광역시 군위군 우보면,27720,군위군,60.4878,1937,999,938,47,58,64,94,270,1404,106.5,0.063,0.1879,0.7248,48,27265.0,0.0,21124.7,0.0,1.6422,0.2483,소매,한식,3,0,0,2,17,6,2,2,1,15,0,0.0,없음,0,0,32.0,0.8,24.78,0.0,0.0
2772035000,대구광역시 군위군 의흥면,27720,군위군,54.4298,2217,1102,1115,61,54,75,129,279,1619,98.83,0.0582,0.184,0.7303,92,27468.0,0.0,19238.7,0.0,1.3958,0.319,음식,한식,2,0,0,3,30,9,3,0,4,41,0,0.0,없음,0,0,40.7,1.7,41.5,0.0,0.0
2772036000,대구광역시 군위군 산성면,27720,군위군,36.9047,1201,619,582,37,19,35,46,171,893,106.36,0.045,0.1807,0.7435,45,21435.4,0.0,12862.3,0.0,1.3772,0.3343,음식,한식,1,0,0,0,13,2,3,1,3,22,0,0.0,없음,0,0,32.5,1.2,37.47,0.0,0.0
2772037000,대구광역시 군위군 삼국유사면,27720,군위군,115.041,1330,716,614,23,22,35,79,172,999,116.61,0.0429,0.1887,0.7511,36,24412.0,0.0,15619.2,0.0,1.542,0.2639,음식,한식,0,1,0,0,6,1,10,2,2,14,0,0.0,없음,0,0,11.6,0.3,27.07,0.0,0.0
2714074200,대구광역시 동구 안심3동,27140,동구,5.8689,19897,9634,10263,3821,2052,2567,3351,3445,4661,93.87,0.2321,0.3416,0.2343,714,457.1,0.556,94.1,232.8,1.9059,0.1777,음식,한식,46,110,10,28,134,113,1,24,42,206,1,6999.1,안심,29,913,3390.2,121.7,35.88,1.28,45.89
2714075500,대구광역시 동구 혁신동,27140,동구,17.0739,16501,8078,8423,3543,1355,2858,3631,2027,3087,95.9,0.2553,0.3429,0.1871,1026,1007.5,0.0,72.4,1121.3,1.8826,0.1914,음식,한식,121,99,6,51,174,110,1,60,49,355,0,0.0,없음,102,8600,966.4,60.1,62.18,8.38,521.18
2729060100,대구광역시 달서구 월성1동,27290,달서구,1.9323,39423,19209,20214,10633,3856,3671,8111,7504,5648,95.03,0.1909,0.3961,0.1433,1438,899.2,0.096,40.0,1080.4,1.8341,0.1953,음식,한식,64,221,38,40,279,206,0,20,105,465,0,0.0,없음,70,4066,20402.1,744.2,36.48,2.83,103.14
2729061500,대구광역시 달서구 진천동,27290,달서구,5.3271,49267,23925,25342,7626,5088,5897,7027,8920,14709,94.41,0.223,0.3237,0.2986,2063,538.6,0.6757,70.6,557.9,1.7891,0.216,음식,한식,120,136,25,94,446,350,3,57,95,737,3,33114.2,"대곡, 월배, 진천",95,3768,9248.4,387.3,41.87,1.83,76.48
2729061700,대구광역시 달서구 유천동,27290,달서구,1.3119,32864,16278,16586,9996,2337,4755,7469,4668,3639,98.14,0.2158,0.3693,0.1107,728,622.7,0.2788,43.4,613.2,1.8499,0.1833,음식,일반 교육,31,159,12,27,138,119,0,10,46,186,0,0.0,없음,41,1643,25050.7,554.9,22.15,2.26,49.99
